{"learner":{"attributes":{"best_iteration":"9","best_ntree_limit":"10"},"feature_names":[],"feature_types":[],"gradient_booster":{"model":{"gbtree_model_param":{"num_parallel_tree":"1","num_trees":"10","size_leaf_vector":"0"},"tree_info":[0,0,0,0,0,0,0,0,0,0],"trees":[{"base_weights":[2.4857609E-1,-2.7841687E-1,4.7318262E-1,1.0145291E-1,1.7612451E-1],"categories":[],"categories_nodes":[],"categories_segments":[],"categories_sizes":[],"default_left":[0,0,0,0,0],"id":0,"left_children":[1,-1,3,-1,-1],"loss_changes":[1.7650545E1,0E0,6.525698E-1,0E0,0E0],"parents":[2147483647,0,0,2,2],"right_children":[2,-1,4,-1,-1],"split_conditions":[3E0,-2.7841687E-1,5E0,1.0145291E-1,1.7612451E-1],"split_indices":[2,0,2,0,0],"split_type":[0,0,0,0,0],"sum_hessian":[6.412581E1,9.776796E0,5.4349014E1,2.6686357E1,2.7662657E1],"tree_param":{"num_deleted":"0","num_feature":"4","num_nodes":"5","size_leaf_vector":"0"}},{"base_weights":[2.1071972E-1,-8.730125E-2,4.438398E-1,8.894571E-2,1.7437044E-1],"categories":[],"categories_nodes":[],"categories_segments":[],"categories_sizes":[],"default_left":[0,0,0,0,0],"id":1,"left_children":[1,-1,3,-1,-1],"loss_changes":[7.586982E0,0E0,7.1708393E-1,0E0,0E0],"parents":[2147483647,0,0,2,2],"right_children":[2,-1,4,-1,-1],"split_conditions":[3E0,-8.730125E-2,5E0,8.894571E-2,1.7437044E-1],"split_indices":[2,0,2,0,0],"split_type":[0,0,0,0,0],"sum_hessian":[6.2762833E1,1.9831955E1,4.293088E1,2.2238417E1,2.0692463E1],"tree_param":{"num_deleted":"0","num_feature":"4","num_nodes":"5","size_leaf_vector":"0"}},{"base_weights":[1.6992632E-1,-4.7179837E-2,4.027561E-1,7.550806E-2,1.6752928E-1],"categories":[],"categories_nodes":[],"categories_segments":[],"categories_sizes":[],"default_left":[0,0,0,0,0],"id":2,"left_children":[1,-1,3,-1,-1],"loss_changes":[4.7203283E0,0E0,7.059679E-1,0E0,0E0],"parents":[2147483647,0,0,2,2],"right_children":[2,-1,4,-1,-1],"split_conditions":[3E0,-4.7179837E-2,5E0,7.550806E-2,1.6752928E-1],"split_indices":[2,0,2,0,0],"split_type":[0,0,0,0,0],"sum_hessian":[6.0131264E1,2.5134562E1,3.4996704E1,1.9089535E1,1.5907167E1],"tree_param":{"num_deleted":"0","num_feature":"4","num_nodes":"5","size_leaf_vector":"0"}},{"base_weights":[1.3408023E-1,-2.8718093E-2,3.5388005E-1,6.1023217E-2,1.5714736E-1],"categories":[],"categories_nodes":[],"categories_segments":[],"categories_sizes":[],"default_left":[0,0,0,0,0],"id":3,"left_children":[1,-1,3,-1,-1],"loss_changes":[3.0205894E0,0E0,6.717303E-1,0E0,0E0],"parents":[2147483647,0,0,2,2],"right_children":[2,-1,4,-1,-1],"split_conditions":[3E0,-2.8718093E-2,1.8E0,6.1023217E-2,1.5714736E-1],"split_indices":[2,0,3,0,0],"split_type":[0,0,0,0,0],"sum_hessian":[5.812929E1,2.8693682E1,2.943561E1,1.6777597E1,1.2658011E1],"tree_param":{"num_deleted":"0","num_feature":"4","num_nodes":"5","size_leaf_vector":"0"}},{"base_weights":[1.04371585E-1,-4.4026772E-5,1.3446102E-1,-1.8506654E-2,4.225621E-2],"categories":[],"categories_nodes":[],"categories_segments":[],"categories_sizes":[],"default_left":[0,0,0,0,0],"id":4,"left_children":[1,3,-1,-1,-1],"loss_changes":[2.0699496E0,4.0150008E-1,0E0,0E0,0E0],"parents":[2147483647,0,0,1,1],"right_children":[2,4,-1,-1,-1],"split_conditions":[4.8E0,3E0,1.3446102E-1,-1.8506654E-2,4.225621E-2],"split_indices":[2,2,0,0,0],"split_type":[0,0,0,0,0],"sum_hessian":[5.665595E1,4.422536E1,1.2430585E1,3.1156252E1,1.306911E1],"tree_param":{"num_deleted":"0","num_feature":"4","num_nodes":"5","size_leaf_vector":"0"}},{"base_weights":[8.029538E-2,1.220004E-3,3.9136684E-1,-1.2320301E-2,3.2841686E-2,4.2787768E-2,1.2668347E-1],"categories":[],"categories_nodes":[],"categories_segments":[],"categories_sizes":[],"default_left":[0,0,0,0,0,0,0],"id":5,"left_children":[1,3,5,-1,-1,-1,-1],"loss_changes":[1.3908616E0,2.1553762E-1,2.7895689E-2,0E0,0E0,0E0,0E0],"parents":[2147483647,0,0,1,1,2,2],"right_children":[2,4,6,-1,-1,-1,-1],"split_conditions":[4.8E0,3E0,1.8E0,-1.2320301E-2,3.2841686E-2,4.2787768E-2,1.2668347E-1],"split_indices":[2,2,3,0,0,0,0],"split_type":[0,0,0,0,0,0,0],"sum_hessian":[5.5562885E1,4.5101788E1,1.0461098E1,3.287869E1,1.2223101E1,1.7768639E0,8.684234E0],"tree_param":{"num_deleted":"0","num_feature":"4","num_nodes":"7","size_leaf_vector":"0"}},{"base_weights":[6.212714E-2,3.8247383E-3,3.490176E-1,-8.368651E-3,8.7051086E-2,3.7656806E-2,1.1173E-1,2.7428819E-2,8.326765E-3],"categories":[],"categories_nodes":[],"categories_segments":[],"categories_sizes":[],"default_left":[0,0,0,0,0,0,0,0,0],"id":6,"left_children":[1,3,5,-1,7,-1,-1,-1,-1],"loss_changes":[9.326163E-1,1.2760803E-1,2.5470257E-3,0E0,9.223521E-4,0E0,0E0,0E0,0E0],"parents":[2147483647,0,0,1,1,2,2,4,4],"right_children":[2,4,6,-1,8,-1,-1,-1,-1],"split_conditions":[4.9E0,3E0,5.1E0,-8.368651E-3,3.2E0,3.7656806E-2,1.1173E-1,2.7428819E-2,8.326765E-3],"split_indices":[2,2,2,0,1,0,0,0,0],"split_type":[0,0,0,0,0,0,0,0,0],"sum_hessian":[5.483694E1,4.641727E1,8.419671E0,3.4089493E1,1.232778E1,1.4016861E0,7.0179844E0,1.097543E1,1.3523508E0],"tree_param":{"num_deleted":"0","num_feature":"4","num_nodes":"9","size_leaf_vector":"0"}},{"base_weights":[4.817805E-2,3.4356266E-3,2.9390395E-1,-5.759161E-3,6.643631E-2,3.0664273E-2,9.442897E-2,2.0831853E-2,6.950404E-3],"categories":[],"categories_nodes":[],"categories_segments":[],"categories_sizes":[],"default_left":[0,0,0,0,0,0,0,0,0],"id":7,"left_children":[1,3,5,-1,7,-1,-1,-1,-1],"loss_changes":[6.0707116E-1,6.9433704E-2,1.8444061E-3,0E0,6.201118E-5,0E0,0E0,0E0,0E0],"parents":[2147483647,0,0,1,1,2,2,4,4],"right_children":[2,4,6,-1,8,-1,-1,-1,-1],"split_conditions":[4.9E0,3E0,1.8E0,-5.759161E-3,3.2E0,3.0664273E-2,9.442897E-2,2.0831853E-2,6.950404E-3],"split_indices":[2,2,3,0,1,0,0,0,0],"split_type":[0,0,0,0,0,0,0,0,0],"sum_hessian":[5.4308372E1,4.680075E1,7.507623E0,3.4942894E1,1.1857857E1,1.3158236E0,6.1917996E0,1.0522635E1,1.3352214E0],"tree_param":{"num_deleted":"0","num_feature":"4","num_nodes":"9","size_leaf_vector":"0"}},{"base_weights":[3.7309E-2,4.5032315E-3,7.668282E-2,-3.998043E-3,5.3530388E-2,3.8633764E-2,3.2667555E-2,1.3202625E-2,1.489864E-3],"categories":[],"categories_nodes":[],"categories_segments":[],"categories_sizes":[],"default_left":[0,0,0,0,0,0,0,0,0],"id":8,"left_children":[1,3,-1,-1,5,7,-1,-1,-1],"loss_changes":[3.920048E-1,4.33234E-2,0E0,0E0,6.678164E-3,1.943985E-3,0E0,0E0,0E0],"parents":[2147483647,0,0,1,1,4,4,5,5],"right_children":[2,4,-1,-1,6,8,-1,-1,-1],"split_conditions":[5E0,3E0,7.668282E-2,-3.998043E-3,1.6E0,4.7E0,3.2667555E-2,1.3202625E-2,1.489864E-3],"split_indices":[2,2,0,0,3,2,0,0,0],"split_type":[0,0,0,0,0,0,0,0,0],"sum_hessian":[5.3898438E1,4.7744164E1,6.1542735E0,3.5545326E1,1.2198837E1,1.0950209E1,1.2486287E0,9.177823E0,1.7723848E0],"tree_param":{"num_deleted":"0","num_feature":"4","num_nodes":"9","size_leaf_vector":"0"}},{"base_weights":[2.8875405E-2,3.9343406E-3,6.318263E-2,-2.7919621E-3,4.115672E-2,4.5440108E-2,6.5797183E-4,9.964436E-3,2.3481932E-2],"categories":[],"categories_nodes":[],"categories_segments":[],"categories_sizes":[],"default_left":[0,0,0,0,0,0,0,0,0],"id":9,"left_children":[1,3,-1,-1,5,7,-1,-1,-1],"loss_changes":[2.4658424E-1,2.4541277E-2,0E0,0E0,2.0776168E-3,2.0976588E-3,0E0,0E0,0E0],"parents":[2147483647,0,0,1,1,4,4,5,5],"right_children":[2,4,-1,-1,6,8,-1,-1,-1],"split_conditions":[1.8E0,3E0,6.318263E-2,-2.7919621E-3,6.7E0,4.7E0,6.5797183E-4,9.964436E-3,2.3481932E-2],"split_indices":[3,2,0,0,0,2,0,0,0],"split_type":[0,0,0,0,0,0,0,0,0],"sum_hessian":[5.358491E1,4.8016747E1,5.568164E0,3.597099E1,1.2045756E1,1.0702926E1,1.3428315E0,9.264813E0,1.4381124E0],"tree_param":{"num_deleted":"0","num_feature":"4","num_nodes":"9","size_leaf_vector":"0"}}]},"name":"gbtree"},"learner_model_param":{"base_score":"5E-1","boost_from_average":"1","num_class":"0","num_feature":"4","num_target":"1"},"objective":{"name":"reg:squarederror","reg_loss_param":{"scale_pos_weight":"1"}}},"version":[1,7,4]}